Übersicht Monografien, Sammelbände und Aufsätze der Forschungsinitiative ConTrust für den Zeitraum April 2021 - April 2022;;;;;;;
;Dokumentart;Autor(en);Publikationsjahr;Bibliographische Angaben;Dauerhafter Identifikator;Volltext im Internet;Weitere Informationen
;Artikel;Athanasiou, Tom; Bård Lahn; Caney, Simon; Cripps, Elizabeth; Dooley, Kate; Dubash, Navroz K.; Hall, Galen; Harris, Paul G.;  Holz, Christian; Kartha, Sivan; Klinsky, Sonja; Moellendorf, Darrel; Müller, Benito; Roberts, J. Timmons; Sagar, Ambuj; Shue, Henry; Singer, Peter; Winkler, Harald;;2021, 01.04.;Ethical choices behind quantifications of fair contributions under the Paris Agreement. nature climate change, 11, 300-305.;https://doi.org/10.1038/s41558-021-01015-8;nein (nicht kostenlos);
;Rezension;Biebricher, Thomas;2021, 11.08.;Book review of: The Conservative Challenge to Globalization: Anglo-American Perspectives, by Ray Kiely. Political Theory, S. 256-260.;https://doi.org/10.1177/00905917211037065;nein;
;Aufsatz;Biebricher, Thomas;2021;Democracy, Neoliberalism and James Buchanan. Journal of Australian Political Economy, 86, S. 37-60.;;ja;https://www.ppesydney.net/content/uploads/2021/01/6_Biebricher.pdf, ISSN: 0156-5826
;Monografie;Biebricher, Thomas;2021;Die politische Theorie des Neoliberalismus. Suhrkamp.;;nein;Ersterscheinung schon 18.01.2021, aktuelle Auflage 02.02.2022, ISBN: 978-3-518-29926-5
;Abstract;Biebricher, Thomas;2021;Kampf dem neoliberalen Zentralismus. Rezension zu „Zwischen Globalismus und Demokratie. Politische Ökonomie im ausgehenden Neoliberalismus“ von Wolfgang Streeck. Soziopolis - Gesellschaft beobachten.;;ja;https://www.soziopolis.de/kampf-dem-neoliberalen-zentralismus.html
;Artikel;Biebricher, Thomas;2021;Narrative sozioökonomischer Ungleichheit zwischen Neoliberalismus und Neokonservatismus. Zeitschrift für Politikwissenschaft, 32, 95-116.;https://doi.org/10.1007/s41358-021-00295-y;ja;
;Artikel;Biebricher, Thomas;2021;Ordoliberalism, Authoritarianism, and Democracy. In J. Mackert, H. Wolf, & B. S. Turner (Hrsg.), The Condition of Democracy, 1, Neoliberal Politics and Sociological Perspectives, S. 37-55. Routledge.;DOI: 10.4324/9781003158363-4;nein;eBook ISBN: 9781003158363
;Artikel;Biebricher, Thomas;2020;„Neoliberalism and Authoritarianism“, in: Global Perspectives 1/1;https://doi.org/10.1525/001c.11872;nein;
;Artikel;Biebricher, Thomas; Beddeleem, Martin;2021, 09.02.;Neoliberalism and Authoritarianism: Martin Beddeleem in Conversation with Thomas Biebricher. Global Perspectives, 2(1).;https://doi.org/10.1525/gp.2021.19051;nein;
;Artikel;Bogdandy, Armin von;2021, 14.05.;Our European Society and Its Conference on the Future of Europe. Verfassungsblog: On Matters Constitutional. ;DOI: 10.17176/20210514-181440-0;ja;https://verfassungsblog.de/our-european-society-and-its-conference-on-the-future-of-europe/
;Artikel;Bogdandy, Armin von;2021, 10.12.;Restoring the Rule of Law Through Criminal Responsibility. Verfassungsblog: On Matters Constitutional.;DOI: 10.17176/20211210-183719-0;ja;https://verfassungsblog.de/restoring-the-rule-of-law-through-criminal-responsibility/
;Artikel;Bogdandy, Armin von;2021, 30.01.;The EU’s and UK’s Self-Defeating Vaccine Nationalism. Verfassungsblog: On Matters Constitutional.;DOI: 10.17176/20210130-222710-0;ja;https://verfassungsblog.de/the-eus-and-uks-self-defeating-vaccine-nationalism/
;Sammelwerk;Bogdandy, Armin von (Hrsg.);2021;Handbuch Ius Publicum Europaeum: Band VII: Verfassungsgerichtsbarkeit in Europa: Vergleich und Perspektiven, eBook (1. Aufl.). C.F. Müller Verlag. ;;nein;ISBN: 9783811488137
;Sammelwerk;Bogdandy, Armin von; Canor, Iris; Bogdanowicz, Piotr; Grabenwarter, Christoph; Schmidt, Matthias; Taborowski, Maciej;2021;Defending checks and balances in EU member states: taking stock of Europe’s actions. Springer, Berlin, Heidelberg.;https://doi.org/10.1007/978-3-662-62317-6;ja;ISBN: 978-3-662-62319-0
;Sammelwerk;Bogdandy, Armin von; Huber, Peter M.; Marcusson, Lena; Stepanek, Bettina; Waldmann, Sebastian; Ackermann, Thomas (Hrsg.);2021;Juris Zusatzmodul Hochschulen. Handbuch Ius Publicum Europaeum. C.F. Müller.;;nein;ISBN: 9783811441149
;Sammelwerk;Bogdandy, Armin von; Mehring, Reinhard;2021;Heinrich Triepel - Parteienstaat und Staatsgerichtshof. Gesammelte verfassungspolitische Schriften zur Weimarer Republik (1. Aufl.). Nomos Verlagsgesellschaft mbH & Co. KG.;;nein;ISBN 978-3-8487-7736-5 
;Artikel;Brockmeier, Sarah;2022;Sprecht mit ihnen. In Internationale Politik Special: Pott und die Welt.;;ja;https://internationalepolitik.de/de/sprecht-mit-ihnen
;Artikel;Brockmeier, Sarah;2021, 02.12.;Wer eine neue Außenpolitik will, braucht auch ein neues Außenministerium. PRIF Blog.;;ja;https://blog.prif.org/2021/12/02/wer-eine-neue-aussenpolitik-will-braucht-auch-ein-neues-aussenministerium/
;Artikel;Brockmeier, Sarah;2021, 03.11.;“World Out of Joint”: Citizen Dialogue on Foreign and Security Policy. Global Public Policy Institute.;;ja;https://www.gppi.net/2021/11/03/citizen-dialogues-on-foreign-and-security-policy
;Artikel;Brockmeier, Sarah;2021, 11.10.;Kommt Zeit, kommt Rat? IPG.;;ja;https://www.ipg-journal.de/rubriken/aussen-und-sicherheitspolitik/artikel/kommt-zeit-kommt-rat-5482/
;Artikel;Brockmeier, Sarah;2021, 06.05.;Regierungswechsel: Das Ende der Ratlosigkeit? PeaceLab-Blog.;;ja;https://peacelab.blog/2021/05/regierungswechsel-das-ende-der-ratlosigkeit
;Artikel;Brockmeier, Sarah; Besch, Sophia;2022, 09.03.;Waking a Sleeping Giant: What’s Next for German Security Policy? War on Rocks.;;ja;https://warontherocks.com/2022/03/waking-a-sleeping-giant-whats-next-for-german-security-policy/
;Artikel;Brockmeier, Sarah; Daase, Christopher; Deitelhoff, Nicole; Dembinski, Matthias; Fehl, Caroline; Junk, Julian; Kroll, Stefan; Marauhn, Thilo; Peez, Anton; Schörnig, Niklas;2022, 11.03.;Sicherheitspolitische Zeitenwende: Welche Fähigkeiten braucht Deutschland, um den Frieden zu sichern? PRIF BLOG. ;;ja;https://blog.prif.org/2022/03/11/sicherheitspolitische-zeitenwende-welche-faehigkeiten-braucht-deutschland-um-den-frieden-zu-sichern/
;Paper;Brockmeier, Sarah; Peez, Anton;2021;Akteneinsichten: Die deutsche Außenpolitik und der Völkermord in Ruanda. In Heinrich-Böll-Stiftung Zeitgeschichte – E-Paper.;DOI: 10.31235/osf.io/wd27k;ja;
;Aufsatz;Brunhöber, Beatrice;2018;„Funktionswandel des Strafrechts in der Sicherheitsgesell-schaft“, in: Puschke, Jens; Singelnstein, Tobias (Hg.): Der Staat in der Sicherheitsgesellschaft. Heidelberg: Springer VS.;;ja;https://link.springer.com/content/pdf/10.1007%2F978-3-658-19301-0_9.pdf
;Aufsatz;Brunhöber, Beatrice;2022;(forthcoming): Grundrechtliche Sonderstellung des Strafrechts? in: Bäcker, Matthias/Burchard, Christoph (Hrsg.): Strafverfassungsrecht, Baden-Baden, 30 pp.;;;
;Aufsatz;Brunhöber, Beatrice;2022;(forthcoming): Criminal Law of Global Digitality, in: Kettemann, Matthias C./Peukert, Alexander/Spiecker, Indra gen. Döhmann (Hrsg.): The Law of Global Digitality, London, 20 pp.;;;
;Kommentierung;Burchard, Christoph;2022;Zu Triffterer/Ambos (Hrsg.), The Rome Statute of the International Criminal Court - A Commentary, Beck/Hart. A) Art. 27 Irrelevance of official capacity (Aktualisierung in Nachfolge von Otto Triffterer), S. 1255-1279, B) Art. 71 Sanctions for misconduct before the Court (Neubearbeitung in Nachfolge von Otto Triffterer), S. 2108-2126;;;
;Kommentierung;Burchard, Christoph;2021;Zu Herrenfeld/Brodowski/Burchard (Hrsg.), The European Public Prosecutor's Office – A Commentary, Nomos/Beck/Hart: Art. 1-6, 8-19, 32, 33, 37, 119.;;;
;Artikel;Burchard, Christoph;2021, 15.09.;Criminal Law Exceptionalism as an Affirmative Ideology, and its Expansionist Discontents. Criminal Law and Philosophy (S. 1-11).;https://doi.org/10.1007/s11572-021-09614-4;ja;
;Aufsatz;Burchard, Christoph;2021;Of Forging Shields into Swords: On the Dialectic of Rights and the New Liberal Desire for Criminal Law. In K. Ghanayim, Y. Shany (Hrsg.), The Quest for Core Values in the Application of Legal Norms. Essays in Honor of Mordechai Kremnitzer (S. 37-59). Springer.;DOI Sammelwerk: https://doi.org/10.1007/978-3-030-78953-4;nein;ISBN Sammelwerk: 978-3-030-78955-8
;Aufsatz;Burchard, Christoph;2021;Von der »Strafrechts«ordnung der Prädiktionsgesellschaft zur Strafrechts»ordnung« des liberalen Rechtsstaats. In R. Forst, K. Günther (Hrsg.), Normative Ordnungen (S. 553-579). Suhrkamp.;;nein;ISBN: 978-3-518-29942-5
;Aufsatz;Burchard, Christoph;2021;Digital Criminal Compliance. In M. Engelhart, H. Kudlich, B. Vogel (Hrsg.), Digitalisierung, Globalisierung und Risikoprävention. Festschrift für Ulrich Sieber (Teilband II, S. 741-155). Duncker & Humblot.;;nein;ISBN: 978-3-428-15971-0 
;Aufsatz;Burchard, Christoph;2021;14 Auslieferungsrecht (Europäischer Haftbefehl). In M. Böse (Hrsg.), Enzyklopädie des Europarechts (Band 11, 2. Aufl., S. 709-775). Nomos.;;nein;ISBN: 978-3-8487-6473-0
;Artikel;Burchard, Christoph;2019;„Künstliche Intelligenz als Ende des Strafrechts? Zur algorithmischen Transformation der Gesellschaft“, in: Joerden, Jan C.; Schuhr, Jan C. (Hg.), Jahrbuch für Recht und Ethik. Duncker & Humblot: Berlin, 527-555.;;ja;https://elibrary.duncker-humblot.com/publikation/b/id/52840/
;Aufsatz;Cozzaglio, Ilaria;2022;Legitimacy between Accaptance and Acceptability. A Subjects-First Review. In Social Theory and Practice 48 (1), S. 61-88.;https://doi.org/10.5840/soctheorpract20211210147;nein;
;Artikel;Cozzaglio, Ilaria;2022, 30.03.;In defence of progressive political change: Against conservative progress and other normative troubles. Critical Review of International Social and Political Philosophy.;https://doi.org/10.1080/13698230.2022.2056989;nein (nicht kostenlos);
;Artikel;Cozzaglio, Ilaria;2021;Concetto e concezioni della legittimità: il realismo politico tra contestualismo e principi universali. Biblioteca della Libertà.;;nein;
;Artikel;Cozzaglio, Ilaria; Favara, Greta;2022, 31.01.;Political realism and the quest for political progress. Constellations, 29 (1), S. 93-106.;https://doi.org/10.1111/1467-8675.12598;ja;
;Artikel;Cozzaglio, Ilaria; Favara, Greta;2021, 07.07.;Feasibility beyond Non-ideal Theory: a Realist Proposal. Ethical Theory and Moral Practice.;https://doi.org/10.1007/s10677-021-10206-3;ja;Print ISSN: 1386-2820, Electronic ISSN: 1572-8447
;Aufsatz;Daase, Christopher; Deitelhoff, Nicole;2021;Wenn die Geltung schwindet. Die Krise der liberalen Weltordnung und die Herrschaftsproblematik internationaler Politik. In Normative Ordnungen, edited by Rainer Forst and Klaus Günther, 162-187. Berlin: Suhrkamp Verlag.;;nein;ISBN: 978-3-518-29942-5
;Aufsatz;Daase, Christopher; Deitelhoff, Nicole;2022;„The Justification and Critique of Coercion as World Order Politics.“ In The Justification of War and International Order. From Past to Present, edited by Lothar Brock and Hendrik Simon, 489-502. Oxford: Oxford University Press.;;;ISBN: 978-0-1988-6530-8
;Sammelwerk;Daase, Christopher; Kroll, Stefan (Hrsg.);2019; Angriff auf die liberale Weltordnung. Die amerikanische Außen- und Sicherheitspolitik unter Donald Trump, Wiesbaden: Springer VS.;;;ISBN: 978-3-658-23783-7
;Aufsatz;Daase, Christopher;2019;Guilt, Apology and Reconciliation in International Relations, in: Christopher Daase/ et al. Hrsg., Apology and Reconciliation in International Relations. The Importance of Being Sorry, London/New York: Routledge (mit Stefan Engert und Judith Renner).;;;ISBN: 978-1-138-55865-6
;Artikel;Deitelhoff, Nicole; Steininger, Silvia;2022;Against the Masters of War: The Overlooked Functions of Conflict Litigation by International Courts, in: The International Adjudication of Mega-Politics, 84:4, 95-122.;;ja;https://lcp.law.duke.edu/article/against-the-masters-of-war-steininger-vol84-iss4/?msclkid=dadc6327d05c11ec923cb06464424dc8
;Artikel;Deitelhoff, Nicole; Daase, Christopher;2021;Rule and resistance in global governance, in: International Theory, 13:1, 122-130.;;ja; https://doi.org/10.1017/S1752971920000469
;Artikel;Deitelhoff, Nicole;2021;Konflikt: Quelle oder Gefährdung gesellschaftlichen Zusammenhalts?, in: Blätter der Wohlfahrtspflege, 47-51.;;nein;doi.org/10.5771/0340-8574-2021-2-47
;Aufsatz;Destri, Chiara;2021;‘Democratic Politics and the Circles of Trust’. In Trust Matters: Cross-Disciplinary Essays, edited by Raquel Barradas de Freitas and Sergio Lo Iacono. London: Hart Publishing.;;nein;
;Aufsatz;Forst, Rainer;2022;„Dynamiken des Vertrauens. Demokratie und Solidarität in der Krise“, in: Frank-Walter Steinmeier (ed.), Zur Zukunft der Demokratie. 36 Perspektiven. München: Siedler 2022.;;nein;ISBN: 978-3-8487-1187-1
;Monografie;Forst, Rainer;2021;Die noumenale Republik. Kritischer Konstruktivismus nach Kant. Berlin: Suhrkamp 2021.;;nein;ISBN: 978-3-518-29962-3
;Sammelwerk;Forst, Rainer; Bejan, Teresa M.; Horton, John; Kukathas, Chandran; Markell, Patchen; Owen, David; Weinstock, Daniel; Williams, Melissa S. (Hrsg.);2020;Toleration, Power and the Right to Justification. Rainer Forst in Dialogue. Man chester: Manchester University Press.;https://www.jstor.org/stable/j.ctvzgb879;nein;ISBN: 978-1-5261-1632-1
;Aufsatz;Forst, Rainer;2020;"""Wahrheit. Demokratische Macht und ‚alternative Fakten‘“, in: Siller, Peter; Meine feld, Ole: Von A bis Z. Diagnosen zur Zeit, Bielefeld: Transkript.";https://doi.org/10.14361/9783839453827-025;nein;ISBN: 978-3-8394-5382-7
;Sammelwerk;Forst, Rainer und Klaus Günther (Hrsg.);2021;Normative Ordnungen. Berlin: Suhrkamp 2021.;;nein;ISBN: 978-3-518-29942-5
;Paper;Frickel, Miryam;2021;Is the Mafia a State Apparatus? Migration Management in the Mezzogiorno. New Research in Global Economy.;DOI: 10.17170/kobra-202112065159;ja;
;Artikel;Frickel, Miryam; Donheiser, Max; Falcón, Belén Ríos; Sachse, Jonathan;2021;Welche Mitglieder des Bundestages Auskunft zu Geldspenden geben - und wer lieber schweigt. Correctiv.;;ja;https://correctiv.org/aktuelles/parteispenden/2021/04/08/welche-mitglieder-des-bundestages-auskunft-zu-geldspenden-geben-und-wer-lieber-schweigt/
;Aufsatz;Friebel, Guido; Auriol, Emmanuelle; Weinberger, Alisa; Wilhelm, Sascha;2022;Women in Economics: Europe and the World. Toulouse School of Economics, n. 22-1288.;OAI Identifier: oai:tse-fr.eu:126450;ja;http://publications.ut-capitole.fr/44210/
;Aufsatz;Friebel, Guido; Brünner, Tobias; Holden, Richard; Prasad, Suraj;2021, 01.07.;Incentives to Discover Talent. The Journal of Law, Economics, and Organization, ewab004.;https://doi.org/10.1093/jleo/ewab004;nein;
;Artikel;Friebel, Guido; Fuchs-Schündeln, Nicola; Weinberger, Alisa;2021, 19.06.;Statusbericht zum Frauenanteil in der Volkswirtschaftslehre an deutschen Universitäten. Perspektiven der Wirtschaftspolitik, 22(2), 142-155.;https://doi.org/10.1515/pwp-2021-0005;ja;
;Aufsatz;Friebel, Guido; Heinz, Matthias; Weller, Ingo; Zubanov, Nick;2022, 07.12.;Downsizing Announcements, Job Security Perceptions, and Worksite Performance. In S.W. Polachek, K. Tatsiramos, G. Russo, G. van Houten (Hrsg.), Workplace Productivity and Management Practices (Vol. 49, S. 179-206);https://doi.org/10.1108/S0147-912120210000049012;nein;ISBN: 978-1-80117-675-0, ISSN: 0147-9121
;Aufsatz;Friebel, Guido; Heinz, Matthias; Zubanov, Nikolay;2022, 22.02.;Middle Managers, Personnel Turnover, and Performance: A Long‐Term Field Experiment in a Retail Chain. In Management Science, 68(1), 211-229.;https://doi.org/10.1287/mnsc.2020.3905;nein;
;Artikel;Friebel, Guido; Kosfeld, Michael; Thielman, Gerd;2019;„Trust the Police? Self-Selection of Motivated Agents into the German Police Force“, in: American Economic Review: Microeconomics 11/4, 59-78.;;ja;Trust the Police? Self-Selection of Motivated Agents into the German Police Force (aeaweb.org)
;Artikel;Friebel, Guido; Krueger, Miriam;2021, 19.10.;A Pay Change and Its Long-term Consequences. Journal of Labor Economics, 40(2).;https://doi.org/10.1086/717728;nein;
;Artikel;Friebel, Guido; Lalanne, Marie; Richter, Bernard; Schwardmann, Peter;  Seabright, Paul;2021, 11.04.;Gender differences in social interactions. Journal of Economic Behavior & Organization, 186, 33-45;https://doi.org/10.1016/j.jebo.2021.03.016;ja;
;Aufsatz;Friebel, Guido; Manchin, Miriam; Mendola, Mariapia; Prarolo, Giovanni;2022, 05.02.;International Migration and Illegal Costs: Evidence from Africa-to-Europe Smuggling Routes. IZA Institute of Labor Economics.;http://dx.doi.org/10.2139/ssrn.4027143;ja;https://ssrn.com/abstract=4027143
;Aufsatz;Fuchs-Schündeln, Nicola; Krueger, Dirk; Ludwig, Alexander; Popova, Irina;2022, 07.04.;The Long Term Distributional and Welfare Effects of Covid-19 School Closures. Economic Journal.;https://doi.org/10.1093/ej/ueac028;nein;
;Aufsatz;Günther, Klaus;2020;„Pays réel, pays legal, patria iuris, patria naturae. Vom Sinn und Unsinn einer begriffspolitischen Unterscheidung“, in: Bung, Jochen; Kuhli, Milan (Hg.): Volk als Konzept in Recht und Politik. Berlin: De Gruyter, 63-72.;https://doi.org/10.1515/9783110599510-005;ja;
;Aufsatz;Günther, Klaus;2020;„Positive General Prevention and the Idea of Civic Courage in International Criminal Law“, in: Jeßberger, Florian; Geneuss, Julia (Hg.): Why Punish Perpetrators of Mass Atrocities? Cambridge, UK: Cambridge University Press, 213-227.;https://doi.org/10.1017/9781108566360.016;ja;
;Aufsatz;Grunow, Daniela; Eger, Steffen; Ils, Alexandra;  Liu, Dan;2021;Changes in European Solidarity Before and During COVID-19: Evidence from a Large Crowd- and Expert-Annotated Twitter Dataset. Proceedings of the 59th Annual Meeting of the Association for Computational Linguistics and the 11th International Joint Conference on Natural Language Processing, 1: Long Papers, S. 1623–1637. Association for Computational Linguistics.;DOI: 10.18653/v1/2021.acl-long.129;ja;
;Aufsatz;Grunow, Daniela; Lietzmann, Torsten;2021;Women’s employment transitions: the influence of her, his and joint gender ideologies. Demographic Research, 45(3), 55-86.;DOI: 10.4054/DemRes.2021.45.3;nein;
;Artikel;Grunow, Daniela; Evertsson, Marie;2021;Relationality and linked lives during transitions to parenthood in Europe: an analysis of institutionally framed work-care divisions, in: Families, Relationships and Societies, 10(1), S. 99-118.;https://doi.org/10.1332/204674321X16111601582694;nein;https://www.ingentaconnect.com/content/tpp/frs/2021/00000010/00000001/art00007;jsessionid=2act0b78v77d9.x-ic-live-03
;Sammelwerk;Grunow, Daniela; Evertsson, Marie (Hrsg.);2019;New Parents in Europe. Work-Care Practices, Gen der Norms and Family Policies. Cheltenham: Edward Elgar.;;nein;ISBN: 978-1-78897-296-3
;Monografie;Hediger, Vinzenz;forthcoming (April 2022); Jean-Luc Godard : Film denken nach der Geschichte des Kinos. Paderborn: Fink, Wilhelm.;;nein;ISBN: 978-3-7705-5893-3
;Sammelwerk;Hediger, Vinzenz; Drügh, Heinz J.; Völz, Johannes (Hrsg.);forthcoming (June 2022);Kunst als Wertschöpfung: Zum Verhältnis von Ökonomie und Ästhetik.  Köln: August Verlag.;;nein;ISBN: 978-3-941360-72-3
;Artikel;Hediger, Vinzenz;2022;From Miasma Theory to Digital Ghost Town: Tales of Infrastructure and Social Politics in the 21st Century Megalopolis. In: Saswat Das, Ananja Roy Pratihar (Hg.): Technology, Urban Space, and the Networked Community. London: Palgrave Macmillan 2022, 217-242.;;ja;https://www.academia.edu/67960717/From_Miasma_Theory_to_Digital_Ghost_Town_Tales_of_Infrastructure_and_Social_Politics_in_the_Twenty_First_Century_Megalopolis
;Aufsatz;Hediger, Vinzenz;2021;Sichtbares Unrecht. Zur normativen Kraft des Dokumentarischen. In Rainer Forst, Klaus Günther (Hg.): Normativer Ordnungen. Berlin: Suhrkamp 2021, 478-501.;;nein;ISBN: 978-3-518-29942-5
;Rezension;Kalfelis, Melina;2021;Rezension von: A. Degorce, L. O. Kibora, K. Langewiesche (Hrsg.), Rencontres religieuses et dynamiques sociales au Burkina Faso. Cahiers d'Etudes Africaines.;;nein;https://eref.uni-bayreuth.de/id/eprint/61229, ISSN 0008-0055 
;Aufsatz;Kalfelis, Melina;2021;Le paradoxe de la violence et de la sécurité : L’Avenir de la lutte contre le terrorisme et l'insécurité au Burkina Faso.In B. Rouamba Ouedraogo (Hrsg.): Crise sécuritaire dans les pays du G5 Sahel: comprendre pour agir. Paris: L'Harmattan. ;;nein;https://eref.uni-bayreuth.de/id/eprint/61219
;Aufsatz;Kalfelis, Melina;accepted, 2022;„Beyond Donor Memory. Time and Power Behind the Curtains of NGO Work in Burkina Faso”, Anthropologie & Développement;;nein;
;Artikel;Kalfelis, Melina;2021;With or Without the State: Security Practice at the Margins of Peacebuilding SFA and Vigilantism. Journal of Intervention and Statebuilding, 15(5), S.  598-613.;;nein;https://eref.uni-bayreuth.de/id/eprint/61221
;Aufsatz;Kalfelis, Melina; Knodel, Kathrin;2021;Introduction : The Lifeworlds and Trajectories of NGOs in Africa. In M. Kalfelis, K. Knodel, NGOs and Lifeworlds in Africa : Transdisciplinary Perspectives. New York: Berghahn.;;nein; https://eref.uni-bayreuth.de/id/eprint/61220
;Monografie;Kalfelis, Melina; Knodel, Kathrin;2021;NGOs and Lifeworlds in Africa : Transdisciplinary Perspectives. New York: Berghahn.;;nein;https://eref.uni-bayreuth.de/id/eprint/61218, ISBN  978-1-80073-110-3
;Aufsatz;King, Vera;2022, 31.03.;Neue Matrix des Zusammenlebens. Die Folgen der Digitalisierung für Kultur und Psyche. Netzkultur - Leben in der digitalen Gesellschaft, Die Politische Meinung, 67(573), 16-20.;;ja;
;Aufsatz;King, Vera;forthcoming;On the significance of adolescence and generational dynamics for the constitution of subjectivity in the light of Alfred Lorenzer's analyses of socialization and culture. In K. Rothe, D. Rosengart, St. Krüger (Hrsg.), Cultural Analysis Now! Alfred Lorenzer and the in-depth hermeneutics of culture and society. New York: UIT (in press).;;nein;
;Aufsatz;King, Vera;forthcoming;"Soziale Beziehungen im Zeitalter der Digitalisierung. In D. Huber, M. Ermann (Hrsg.), Lindauer Beiträge für Psychotherapie und Psychosomatik: Band ""Autonomie und Bezogenheit in sozialen Beziehungen"". Stuttgart: Kohlhammer (im Erscheinen).";;nein;
;Aufsatz;King, Vera;forthcoming;Perfektionierung – vom regulativen Ideal zum instrumentellen Steigerungsbestreben. In C.  Heite, Ch. Henning, V. Magyar-Haas (Hrsg), Perfektionierung. Wiesbaden: Springer VS (im Erscheinen).;;nein;
;Artikel;King, Vera;forthcoming;Unwiderstehliche Medien – Psychische Entwicklungen der Adoleszenz im digitalen Zeitalter. KJP, Kinder- und Jugendlichenpsychotherapie. Zeitschrift für Psychoanalyse und Tiefenpsychologie, H. 194, 2/2022, im Erscheinen.;;nein;
;Artikel;King, Vera;2021, 25.08.;Die Illusion des ewigen Aufbruchs: zur Sozialpsychologie der Krisenbewältigung oder was aus der Pandemie gelernt werden könnte. Forschung Frankfurt: das Wissenschaftsmagazin, 38(1), 54-57.;;ja;urn:nbn:de:hebis:30:3-619149, https://www.forschung-frankfurt.uni-frankfurt.de/103063204.pdf
;Aufsatz;King, Vera;2021;Neubeginn im generativen Entwicklungsraum der Adoleszenz oder: Bergtour mit „Liegenden“. In Ch. Rexroth & I. Rexroth (Hrsg.), Entwicklungsraum Zukunft (1. Aufl., S. 255-264). Frankfurt/M.: Brandes & Apsel.;;nein;ISBN14.04.2022 978-3-95558-273-9
;Artikel;King, Vera;2021, 06.05.;Autoritarismus als Regression. WestEnd. Neue Zeitschrift für Sozialforschung, 18(1), 87-102.;;nein;ISBN14.04.2022 9783593513577
;Artikel;King, Vera;2021;“The Assault of the Present on the Rest of Time” – Optimization and the Dissolution of Temporal Boundaries in Accelerated Modernity. Pléyade. Journal of Humanities and Social Sciences, 27, 42-60.;;nein;
;Aufsatz;King, Vera;2021;‚Ewiger Aufbruch‘: Umgang mit Vergänglichkeit und Generationenspannung in der Gegenwartsgesellschaft. Benthien, C. & Schmidt, A. & Wobbeler, C. (Hrsg.), Vanitas und Gesellschaft (S. 67-80). Berlin, Boston: De Gruyter. ;https://doi.org/10.1515/9783110716016-004;ja; ISBN: 9783110715958 
;Artikel;King, Vera;2021;We are what we are through our relationships to others”. On the significance of adolescence and generational dynamics for the constitution of subjectivity in the light of Alfred Lorenzer’s analyses of socialization and culture. In K. Rothe, D. Rosengart & St. Krüger (Hrsg.), Cultural Analysis Now! Alfred Lorenzer and the in-depth hermeneutics of culture and society. New York: General Editor Jonathan House, UIT.;;nein;
;Artikel;King, Vera;2020;Psyche and Society in Critical Theory and Contemporary Social Research. With special reference to Horkheimer/Adorno and Bourdieu. In: Azimuth. International Journal of Philosophy. Azimuth n. 16 – 2020 (II), 15-33.;DOI: DOI: 10.1400/281868;nein;
;Aufsatz;King, Vera; Benzel, Susanne; Busch, Katarina;2021;Kindheit, Jugend und Körper. In H. H. Krüger, C. Grunert & K. Ludwig (Hrsg.), Handbuch Kindheits- und Jugendforschung (S. 1-16). Wiesbaden: Springer VS.;https://doi.org/10.1007/978-3-658-24801-7_46-1;nein;ISBN: 978-3-658-24801-7
;Artikel;King, Vera; Findeis, Charlotte; Gerisch, Benigna; Rosa, Hartmut; Ostern, Anna Rosa; Salfeld, Benedikt; Voigt, Stella;;2021;Quantifying Self-Quantification. A Statistical Study on Individual Characteristics and Motivations for Digital Self-Tracking in Young- and Middle-Aged Adults in Germany. New Media & Society, 1‒21.;https://doi.org/10.1177/14614448211039060;nein;
;Aufsatz;King, Vera; Franz, R.; Gerisch, Benigna; Salfeld, Benedikt ;forthcoming;Zwischen vulnerabler Empfänglichkeit und vermeidender Abgrenzung. Eine psychoanalytische Untersuchung der psychischen Verarbeitung von Selftracking bei Frauen mit Bulimie. In D. Burghardt, M. Krebs, J. Zirfas (Hrsg.), Vulnerabilität und Optimierung. Gießen: Psychosozial (im Erscheinen).;;nein;
;Aufsatz;King, Vera; Gerisch, Benigna; Lindner, Diana; Lodtka, Pia; Schlichting, Micha; Schreiber, Julia; Stenger, Maike;2021;Zum Sinn der Zahl in digitalen Lebens- und Arbeitswelten. Ambivalente Bedeutungen des Messens und Vergleichens. In Ch. Schnell, S. Pfeiffer & R. Hardenberg (Hrsg.), Gutes Arbeiten im digitalen Zeitalter (S. 100-118). Frankfurt/M.: Campus.;;nein;ISBN14.04.2022 9783593513843
;Sammelwerk;King, Vera; Gerisch, Benigna; Rosa, Hartmut;2021;Lost in Perfection. Zur Optimierung von Gesellschaft und Psyche. Suhrkamp Verlag.;;nein;ISBN: 978-3-518-29955-5
;Aufsatz;King, Vera; Gerisch, Benigna; Salfeld, Benedikt; Schlichting, Micha; Schreiber, Julia; Stenger, Maike ;forthcoming;„Es hat schon so ein gewisses Suchtpotential“: Selbstvermessung als neue digitale Normalität. In A. Manzei-Gorsky et al. (Hrsg.), Digitalisierung und Gesundheit. Baden-Baden: Nomos Verlag (im Erscheinen).;;nein;
;Aufsatz;King, Vera; Kuhn, Magdalena;2021;Adoleszenz. In U. Deinet, B. Sturzenhecker. L. von Schwanenflügel & M. Schwerthelm (Hrsg.), Handbuch Offene Kinder- und Jugendarbeit (S. 1303-1313). Wiesbaden: Springer VS;https://doi.org/10.1007/978-3-658-22563-6_99;ja;ISBN: 978-3-658-22562-9
;Aufsatz;King, Vera; Rosa, Hartmut;2021;Vom Dringlichen zum Wichtigen. In unseren explodierenden To-do-Listen steht oft nicht ganz oben, was wirklich zählt. Lehrt uns Corona, das zu ändern? In Th. Kaspar & St. Hebel (Hrsg.), Heile Welt. 32 Ideen für ein Leben nach Corona (S. 142-147). Societäts-Verlag Frankfurter Rundschau, Frankfurt/M.;;nein;ISBN14.04.2022 978-3955424046
;Artikel;King, Vera; Sutterlüty, Ferdinand;2021;"Einleitung zum Stichwort ""Destruktivität und Regression im Rechtspopulismus"". WestEnd. Neue Zeitschrift für Sozialforschung, 18 (1), S. 69‒72.";;;
;Rezension;Kosfeld, Michael;2022;"Book review on Michalis Drouvelis: ""Social preferences: an introduction to behavioural economics and experimental research"". Theory and Decision.";https://doi.org/10.1007/s11238-022-09867-y;ja;
;Artikel;Kosfeld, Michael; Backes-Gellner, Uschi; Herz, Holger; Oswald, Yvonne;;2021;Do Preferences and Biases predict Life Outcomes? Evidence from Education and Labor Market Entry Decisions. European Economic Review, 134.;https://doi.org/10.1016/j.euroecorev.2021.103709;nein (nicht kostenlos);ISSN: 0014-2921, https://www.sciencedirect.com/science/article/pii/S0014292121000623, Artikel-Nr. 103709
;Paper;Kosfeld, Michael; Sharafi, Zahra;2022;The Preference Survey Module: New Evidence on Social Preferences from Tehran. IZA Discussion Papers No. 15006. Institute of Labor Economics (IZA).;;ja;http://hdl.handle.net/10419/250667
;Paper;Kosfeld, Michael; von Siemens, Ferdinand;2021;Incentives, Self-Selection, and Coordination of Motivated Agents for the Production of Social Goods. SAFE Working Paper No. 318. Leibniz Institute for Financial Research SAFE.;http://dx.doi.org/10.2139/ssrn.3890904;ja;https://ssrn.com/abstract=3890904
;Blogeintrag;Kroll, Stefan;2021, 24.08.;Die Krise als Wahrnehmung und Umbruch – ein unvollständiger Blick auf die Jahreskonferenz des FGZ. Forschungsinstitut Gesellschaftlicher Zusammenhalt. https://www.fgz-risc.de/detail?tx_news_pi1%5Baction%5D=detail&tx_news_pi1%5Bcontroller%5D=News&tx_news_pi1%5Bnews%5D=157&cHash=13f98e80a8c109c5f2bba980c6595666;;ja;
;Aufsatz;Kroll, Stefan;2021;Internationale Schiedsgerichtsbarkeit. In P. Collin (Hrsg.), Konfliktlösung im 19. und 20. Jahrhundert (S. 193-202). Wiesbaden: Springer VS.;https://doi.org/10.1007/978-3-662-56076-1;ja;ISBN 978-3-662-56075-4 
;Aufsatz;Kroll, Stefan;2021;The Judicial, the Secular and Beyond: Multi-normative Practices of Pakistani Constitutional Courts, in: Ballakrishnen, Swethaa S.; Dezalay, Sara (ed.), Invisible Institutionalisms. Collective Reflections on the Shadows of Legal Globalisation, Oxford: Hart Publishing, 173-178.;;nein;ISBN 978-1-509-93023-4
;Blogeintrag;Kroll, Stefan; Brockmeier, Sarah; Daase, Christopher; Deitelhoff, Nicole; Dembinski, Matthias; Fehl, Caroline; Junk, Julian;  Marauhn, Thilo; Peez, Anton, Schörnig, Niklas;;2022, 11.03.;Sicherheitspolitische Zeitenwende: Welche Fähigkeiten braucht Deutschland, um den Frieden zu sichern? PRIF BLOG. https://blog.prif.org/2022/03/11/sicherheitspolitische-zeitenwende-welche-faehigkeiten-braucht-deutschland-um-den-frieden-zu-sichern/;;ja;
;Blogeintrag;Kroll, Stefan; Daase, Christopher; Abb, Pascal; Dembinski, Matthias; Fehl, Caroline; Marauhn, Thilo; Peez, Anton;;2022, 24.02.;Frieden am Ende? Die Eskalation im Russland-Ukraine-Konflikt und die Rolle der Friedenspolitik. PRIF BLOG. https://blog.prif.org/2022/02/24/frieden-am-ende-die-eskalation-im-russland-ukraine-konflikt-und-die-rolle-der-friedenspolitik/;;ja;
;Artikel;Malreddy, Pavan Kumar;2022, 24.03.;Postsecular Longings? Religious Dissent, Faith, and Gurus in Indian Cinema. Third Text.;https://doi.org/10.1080/09528822.2022.2049159;nein;
;Artikel;Malreddy, Pavan Kumar;2021, 18.08.;The Syntax of Everyday Injustice: A Conversation with Arundhati Roy. Wasafiri, 36(3), 41-49.;https://doi.org/10.1080/02690055.2021.1918425;ja;
;Artikel;Malreddy, Pavan Kumar;2021;An insectual perspective: text, theory, and politics in Tom McCarthy’s fiction – a conversation. Textual Practice, 35(1), 1-21.;https://doi.org/10.1080/0950236X.2020.1847903;ja;
;Sammelwerk;Malreddy, Pavan Kumar; Koegler, Caroline; Tronicke, Marlena;2021; Writing Brexit: Colonial remains. Routledge Taylor & Francis Group.;;nein;ISBN: 9780367775872
;Monografie;Moellendorf, Darrel;forthcoming;Mobilizing hope: Climate Change and Global Poverty in the 21st Century. Oxford University Press.;;nein;
;Artikel;Moellendorf, Darrel;forthcoming;Climate Change, Policy, and Justice. In  B. Blättel-Mink (Hrsg), Nachhaltige Entwicklung in einer Gesellschaftes Umbruchs. Springer Verlag.;;nein;
;Aufsatz;Moellendorf, Darrel;2022;“Two Conceptions of Proportionality for Jus ex Bello,” in Graham Parker and Mark Wilson eds. „How to End a War“ Cambridge University Press, 2022.;;nein;
;Aufsatz;Moellendorf, Darrel;2021;“Hoffnung und Gründe” in Rainer Forst and Klaus Gunther, eds. Normative Ordnungen, Suhrkamp Verlag, 2021, 648-671.;English version available on line: http://publikationen.ub.uni-frankfurt.de/frontdoor/index/index/docId/55449;nein;ISBN: 978-3-518-29942-5
;Artikel;Moellendorf, Darrel; Callies, Daniel Edward;2021, 05.05.;Assessing climate policies: Catastrophe avoidance and the right to sustainable development. Politics, Philosophy & Economics, 20 (2), 127-150.;https://doi.org/10.1177/1470594X211003334;nein (nicht kostenlos);
;Artikel;Peukert, Alexander;2021, 31.08.; Five Reasons to be Sceptical About the DSA. Verfassungsblog: On Matters Constitutional.;DOI: 10.17176/20210831-233126-0;ja;https://verfassungsblog.de/power-dsa-dma-04/
;Artikel;Peukert, Alexander; Correa, Carlos; Dusollier, Séverine et. al.;2021, 04.02.;International Instrument on Permitted Uses in Copyright Law. IIC - International Review of Intellectual Property and Competition Law, 52, 62-67. ;https://doi.org/10.1007/s40319-020-00999-8;ja;
;Artikel;Peukert, Alexander; Husovec, Martin; Kretschmer, Martin; Mezei, Peter; Quintais, João;2022, 24.01.;European Copyright Society – Comment on Copyright and the Digital Services Act Proposal. IIC - International Review of Intellectual Property and Competition Law. ;DOI:10.2139/ssrn.4016208;ja;https://ssrn.com/abstract=4016208
;Aufsatz;Peukert, Alexander;2022;Das Netzwerkdurchsetzungsgesetz: Entwicklung, Auswirkungen, Zukunft, Erscheint in: Indra Spiecker gen. Döhmann/Ricardo Campos/Michael Westland (Hrsg.), Demokratie und Öffentlichkeit im 21. Jahrhundert – zur Macht des Digitalen, Arbeitspapier des Fachbereich Rechtswissenschaft, Goethe-Universität Frankfurt am Main, Nr. 2/2022.;http://publikationen.ub.uni-frankfurt.de/frontdoor/index/index/docId/61303;nein;
;Aufsatz;Peukert, Alexander;2021;"Die Herausbildung der normativen Ordnung „geistiges Eigentum“. Diskurstheoretische und andere Erklärungsansätze. In: Forst, Rainer; Günther, Klaus (Hg.): Normative 
Ordnungen. Berlin: Suhrkamp.";;nein;ISBN: 978-3-518-29942-5
;Aufsatz;Pfeifer, Hanna;2021;Recognition dynamics and Lebanese Hezbollah's role in regional conflicts. In A. Geis, M. Clément, H. Pfeifer (Hrsg.), Armed non-state actors and the politics of recognition (S. 148-168). Manchester: Manchester University Press.;https://doi.org/10.7765/9781526152763.00018;ja;https://www.manchesterhive.com/view/9781526152763/9781526152763.00018.xml
;Blogeintrag;Pfeifer, Hanna; Ben Aharon, Eldad;2021, 07.05.;The Capitol Rioters and their Supporters Beyond “Us vs. Them”: A View from outside the US. PRIF Blog.;;ja;https://blog.prif.org/2021/05/07/the-capitol-rioters-and-their-supporters-beyond-us-vs-them-a-view-from-outside-the-us/
;Blogeintrag;Pfeifer, Hanna; Clément, Maéva; Geis, Anna;2022, 12.01.;The Tricky Politics of Recognizing Armed Non-State Actors. PRIF Blog.;;ja;https://blog.prif.org/2022/01/12/the-tricky-politics-of-recognizing-armed-non-state-actors/
;Aufsatz;Pfeifer, Hanna; Clément, Maéva; Geis, Anna;2021;Recognising armed non-state actors: Risks and opportunities for conflict transformation. In A. Geis, M. Clément, H. Pfeifer (Hrsg.), Armed non-state actors and the politics of recognition (S. 3-29). Manchester: Manchester University Press.;https://doi.org/10.7765/9781526152763.00009;ja;https://www.manchesterhive.com/view/9781526152763/9781526152763.00009.xml
;Sammelwerk;Pfeifer, Hanna; Clément, Maéva; Geis, Anna;2021;Armed non-state actors and the politics of recognition. Manchester: Manchester University Press.;;nein;www.manchesteruniversitypress.co.uk/9781526152756/, ISBN: 978-1-5261-5274-9
;Artikel;Pfeifer, Hanna; Geis, Anna; Opitz, Christian;2021, 19.10.;Engaging with Public Opinion at the Micro-Level: Citizen Dialogue and Participation in German Foreign Policy. Foreign Policy Analysis, 18(1), 1-20. ;DOI:10.1093/fpa/orab033;nein;
;Aufsatz;Pfeifer, Hanna; Geis, Anna; Opitz, Christian;2021;Deliberating Foreign Policy: Perceptions and Effects of Citizen Participation in Germany. German Politics, 30(4), 485-502.;DOI: 10.1080/09644008.2020.1786058;nein;
;Aufsatz;Pfeifer, Hanna; Günther, Christoph;2021;Reducing Artefacts and Shrines to Ruins: The Staging of Cultural Heritage Destruction as a Mediatised Conflict Strategy. In E. Khansa, K. Klein, B. Winkler (Hrsg.), Thinking Through Ruins: Genealogies, Functions, and Interpretations (S. 159-178).;;nein;ISBN 978-3-96750-033-2
;Artikel;Pfeifer, Hanna; Schwab, Regine;2021, 10.06.;Wechselnde Herrschaft in Postkonfliktkontexten. Hessische Stiftung für Friedens- und Konfliktforschung. Hessische Stiftung für Friedens- und Konfliktforschung. Wissenschaft und Frieden.;;nein;https://wissenschaft-und-frieden.de/seite.php?artikelID=2521
;Aufsatz;Saar, Martin;2021;Theorie und Kritik, heute. Zeitschrift für kritische Theorie, Heft 52/53, 183-192.;;nein;ISBN: 3866748116 
;Aufsatz;Saar, Martin;2021;Power, affect, society. In A. Bueno, C. Henning, H. Rosa,  (Hrsg.), Critical Theory and New Materialisms (S.71-83). Routledge Taylor & Francis Group.;DOI:10.4324/9780429289262-8;nein;ISBN: 9780429289262
;Aufsatz;Saar, Martin;2021;Immanente Normativität. In R. Forst, Klaus Günther (Hrsg.), Normative Ordnungen (S. 139-161). Berlin.;;nein;ISBN: 978-3-518-29942-5
;Sammelwerk;Saar, Martin; Flügel-Martinsen, Oliver; Martinsen, Franziska;2021;Das Politische (in) der Politischen Theorie (1. Aufl.). Nomos Verlagsgesellschaft mbH & Co. KG.;;nein;ISBN: 978-3-8487-8414-1
;Aufsatz;Saar, Martin; Gatens, M., Steinberg, J., Armstrong, A. et al.;2021;Spinoza: thoughts on hope in our political present. Contemporary Political Theory, 20, 200-231;https://doi.org/10.1057/s41296-020-00406-4;nein;
;Artikel;Schidel, Regina;2022; Universal Enfranchisement for Citizens with Cognitive Disabilities – A Moral-Status Argument, in: Critical Review for International Social and Political Philosophy.;https://doi.org/10.1080/13698230.2022.2062212;ja;
;Monografie;Schidel, Regina;im Erscheinen;Das Subjekt der Menschenrechte. Eine relationale Perspektive.;;;
;Aufsatz;Schidel, Regina;i.E. 2022, 14.12.;Anerkennung und körperliche Interdependenz. Eine Aktualisierung von Axel Honneths Theorie mit Judith Butler, in: Hirschmann, Edgar (Hrsg.): Anerkennung und Körper. Der Leib in der sozialen Dynamik, Frankfurt / New York.;;;ISBN: 978-3-593-51581-6
;Artikel;Schindler, Sebastian; Wille, Tobias;2019;„How Can We Criticize International Practices?“, in: International Studies Quarterly 63/4, 1014-1024.;https://doi.org/10.1093/isq/sqz057;ja;
;Blogeintrag;Schreiber, Franziska;2021, 21.10.;Auf Kurs in unsicherem Fahrwasser: Der Verfassungsprozess in Chile, PRIF Blog, 21.10.2021.;https://blog.prif.org/2021/10/21/auf-kurs-in-unsicherem-fahrwasser-der-verfassungsprozess-in-chile/;;
;Artikel;Shachar, Ayelet;2022, 04.03.;Reply to my critics. European Journal of Political Theory, 21.;https://doi.org/10.1177/14748851221077564;ja;
;Artikel;Shachar, Ayelet;2021;Unequal access: wealth as barrier and accelerator to citizenship. Citizenship Studies, 25(4), 543-563.;DOI: 10.1080/13621025.2021.1926076;ja;
;Artikel;Shachar, Ayelet; Mahmood, Aaqib;2021;The Body as the Border: A New Era. Historical Social Research, 46(3), 124-150.;https://doi.org/10.12759/hsr.46.2021.3.124-150;ja;ISSN: 0172-6404
;Aufsatz;Spiecker gen. Döhmann, Indra;2022;§ 72: Grundrechte der Digitalisierung. In W. Kahl, M. Ludwigs (Hrsg.), Handbuch des Verwaltungsrechts, Band 3, C.F. Müller.;;nein;ISBN: 978-3-8114-8723-9
;Kommentierung;Spiecker gen. Döhmann, Indra;2022 (im Erscheinen);Art. 63-68. In I. Spiecker gen. Döhmann, V. Papakonstantinou, G. Hornung, P. de Hert (Hrsg.), Commentary on the European General Data Protection Regulation. ;;nein;
;Kommentierung;Spiecker gen. Döhmann, Indra;2022 (im Erscheinen);Art. 1. In I. Spiecker gen. Döhmann, V. Papakonstantinou, G. Hornung, P. de Hert (Hrsg.), Commentary on the European General Data Protection Regulation. ;;nein;
;Kommentierung;Spiecker gen. Döhmann, Indra;2022 (im Erscheinen);Introduction. In I. Spiecker gen. Döhmann, V. Papakonstantinou, G. Hornung, P. de Hert (Hrsg.), Commentary on the European General Data Protection Regulation. ;;nein;
;Aufsatz;Spiecker gen. Döhmann, Indra;2022;§ 23: Informationsverwaltung. In W. Kahl, M. Ludwigs (Hrsg.), Handbuch des Verwaltungsrechts, Band 1, C.F. Müller.;;nein;ISBN: 978-3-8114-8723-9
;Kommentierung;Spiecker gen. Döhmann, Indra;2021;§ 4 HDSIG. In A. Roßnagel (Hrsg.), Hessisches Datenschutz- und Informationsfreiheitsgesetz (1. Aufl.). Nomos.;;nein;ISBN: 978-3-8487-6808-0 
;Kommentierung;Spiecker gen. Döhmann, Indra;2022;§ 24: Europäisches Datenschutzrecht. In J. Terhechte (Hrsg.), Verwaltungsrecht der Europäischen Union (2. Aufl., S. 997-1040). Nomos.;;nein;ISBN: 978-3-8487-3119-0 
;Aufsatz;Spiecker gen. Döhmann, Indra;2022 (im Erscheinen);A proteção de dados pessoais sob o regulamento geral de proteção de dados da União Europeia. In L. S. Mendes, D. Doneda, I. W. Sarlet, L. O. C. Rodrigues (Hrsg.), Tratado de Proteção de Dados Pessoais (2. Aufl., S. 97-113).;;nein;
;Aufsatz;Spiecker gen. Döhmann, Indra;2022 (im Erscheinen);EU-Datenschutzrecht unter der DSGVO. In L. Mendes, I. Sarlet (Hrsg.), Handbuch Datenschutzrecht.;;nein;
;Aufsatz;Spiecker gen. Döhmann, Indra;2022 (im Erscheinen);Definição de perfis, Big Data, Inteligência Artificial e Redes Sociais – Perigos para uma sociedade sem uma proteção de dados efetiva. In R. Campos, G. Abboud, N. Nery Jr. (Hrsg.), Proteção de dados e regulação, Série Direito e Estado em Transformação.;;nein;
;Aufsatz;Spiecker gen. Döhmann, Indra;forthcoming (September 2022);Artificial Intelligence and Data Protection. In L. DiMatteo, Chr. Poncibo, P. Sirena, M. Cannarsa (Hrsg.), The Cambridge Handbook on Artificial Intelligence. Cambridge University Press.;;nein;ISBN: 978-1-316-51280-7
;Aufsatz;Spiecker gen. Döhmann, Indra;forthcoming (Mai 2022);"Data Protection: The more the merrier - a dynamic approach learning from prior mis-governance. In M. Kettemann, A. Peukert, I. Spiecker genannt Döhmann (Hrsg.), Global Digitality. Taylor and Francis
Routledge.";;nein;ISBN: 978-1-03-207369-9
;Aufsatz;Spiecker gen. Döhmann, Indra;2021;Solidarität – ein Argument für und gegen die Verarbeitung personenbezogener Daten. Recht und Politik im Gesundheitswesen (RPG), 27,  106-111.;;nein;
;Aufsatz;Spiecker gen. Döhmann, Indra;2021;Der Kommissionsentwurf für eine KI-Verordnung der EU: Die EU als Trendsetter weltweiter KI-Regulierung. NVwZ, 1188-1193.;;nein;
;Aufsatz;Spiecker gen. Döhmann, Indra;2021;Vorwort zu den Workshopbeiträgen Workshop Recht und Technik: Datenschutz im Diskurs. Gesellschaft für Informatik e.V. (GI). Informatik 2021, Lecture Notes in Informatics (LNI), Proceedings der Informatik Berlin 2021: Computer Science and Sustainability, Workshop Recht und Technik: Datenschutz im Diskurs, 963-964.;;nein;
;Aufsatz;Spiecker gen. Döhmann, Indra;2021;The Legal Framework for Access to Data from a Data Protection Viewpoint – especially under GDPR. In Bundesministerium der Justiz und für Verbraucherschutz & Max-Planck-Institut für Innovation und Wettbewerb (Hrsg.), Data Access, Consumer Interests and Public Welfare (1. Aufl.). Nomos Verlagsgesellschaft mbH & Co. KG. ;doi.org/10.5771/9783748924999-175 ;ja;ISBN: 978-3-8487-8081-5 
;Aufsatz;Spiecker gen. Döhmann, Indra;2021;Governance im lernenden Gesundheitssystem: Anforderungen an eine gesamtheitliche Steuerung von Plattformen. In J. Baas (Hrsg.), Perspektive Gesundheit 2030. Gesellschaft, Politik, Transformation (S. 45-53). Medizinisch Wissenschaftliche Verlagsgesellschaft.;;nein;ISBN: 978-3954666058
;Aufsatz;Spiecker gen. Döhmann, Indra;2021;Ein Netzwerk für Europas Cybersicherheit. NVwZ, 690-699.;;nein;
;Aufsatz;Spiecker gen. Döhmann, Indra;2021;Staatliche oder private Algorithmenregulierung? In Stiftung Gesellschaft für Rechtspolitik Trier und Institut für Rechtspolitik an der Universität Trier (Hrsg.), Bitburger Gespräche – Jahrbuch 2020 (S. 37-57). C.H.Beck.;;nein;ISBN: 978-3-406-76809-5
;Aufsatz;Spiecker gen. Döhmann, Indra;2021;Putting Privacy into Perspective – Comparing Technical, Legal, and Users’ View of Information Sensitivity. In R.H. Reussner, A. Koziolek  & R. Heinrich (Hrsg.), INFORMATIK 2020 (S. 857-870). Gesellschaft für Informatik, Bonn.; DOI: 10.18420/inf2020_76 ;ja; ISBN: 978-3-88579-701-2 
;Interview;Spiecker gen. Döhmann, Indra;2021;Interview „Große regulatorische Entwicklung“. NJW, 14/2021, 12-13.;;nein;
;Aufsatz;Spiecker gen. Döhmann, Indra;2022;Akzeptanz von Verwaltungsentscheidungen, in: W. Kahl/U. Mager (Hrsg.), Verwaltungs-aufgaben und Legitimation der Verwaltung, Baden-Baden 2022, S. 261-300.;;nein;ISBN: 978-3-8487-8559-9
;Monografie;Spiecker gen. Döhmann, Indra;2022;Staatliche Entscheidungen unter Unsicherheit, ca. 500 S., i.E. Tübingen 2022.;https://doi.org/10.1628/978-3-16-158258-5;nein;ISBN: 978-3-16-158258-5
;Paper;Spiecker gen. Döhmann, Indra; Bett, Andreas; Erlach, Berit; et al. ;2021, 13.10.;Wenn nicht jetzt, wann dann – wie die Energiewende gelingt. Akademienprojekt „Energiesysteme der Zukunft”, Berlin.;;ja;https://www.acatech.de/publikation/neustart/
;Aufsatz;Spiecker gen. Döhmann, Indra; Bretthauer, Sebastian; Herrmann, Dominik et. al.;2021;Effective Notification Campaigns on the Web: A Matter of Trust, Framing, and Support, Proceedings of the 30th USENIX Security Symposium.;;ja;https://www.usenix.org/conference/usenixsecurity21/presentation/maass
;Sammelwerk;Spiecker gen. Döhmann, Indra; Bretthauer, Sebastian; Müllmann, Dirk;2021;Frankfurter Studien zum Datenschutz: Bd. 61. Datenschutzrechtliche Aspekte neuer Mobilitätskonzepte im Öffentlichen Nahverkehr (1. Aufl.). Nomos Verlagsgesellschaft mbH & Co. KG.;;nein;ISBN: 978-3-8487-8216-1
;Aufsatz;Spiecker gen. Döhmann, Indra; Busch, Philip et. al.;2022;Responsible Human-Robot Interaction with Anthropomorphic Service Robots: State of the Art of an Interdisciplinary Research Challenge. In the 55th Hawaii International Conference on System Sciences (HICSS), 2065-2074.;;nein;
;Sammelwerk;Spiecker gen. Döhmann, Indra; Buxmann, Peter; Distelrath, Julia et. al.;2022;Künstliche Intelligenz in der Forschung. Neue Möglichkeiten und Herausforderungen für die Wissenschaft. Springer.;https://doi.org/10.1007/978-3-662-63449-3;ja;ISBN: 978-3-662-63448-6
;Paper;Spiecker gen. Döhmann, Indra; Druschel, P., Federrath, H., Hansen, M., Lehr, T., Lengauer T. et. al.;2021;Ansatzpunkte für eine Stärkung digitaler Pandemiebekämpfung. Diskussion Nr. 25, Halle (Saale). Nationale Akademie der Wissenschaften Leopoldina.;https://doi.org/10.26164/leopoldina_03_00354;ja;
;Artikel;Spiecker gen. Döhmann, Indra; Druschel, Peter et al.;2021;Ways to boost digital efforts to tackle the pandemic. Deutsche Akademie der Naturforscher Leopoldina. Halle.;https://levana.leopoldina.org/receive/leopoldina_mods_00406;ja;
;Aufsatz;Spiecker gen. Döhmann, Indra; Grimm, Rüdiger; Hornung, Gerrit; Sorge, Christoph;2021;Workshop Recht und Technik: Datenschutz im Diskurs. In Gesellschaft für Informatik e.V. (GI) (Hrsg.), Informatik 2021, Lecture Notes in Informatics (LNI), Proceedings der Informatik Berlin 2021: Computer Science and Sustainability, Workshop Recht und Technik: Datenschutz im Diskurs (S. 963-1092).;;nein;
;Aufsatz;Spiecker gen. Döhmann, Indra; H.-M. Henning, K. Pittel; J. Renn, D.-U. Sauer, Chr. Schmidt et. al.;2022;Was sind negative Emissionen, und warum brauchen wir sie? Akademienprojekt „Energiesysteme der Zukunft” (ESYS), Berlin.;https://doi.org/10.48669/ESYS_2022-3;nein;
;Sammelwerk;Spiecker gen. Döhmann, Indra; Hert, Paul de; Hornung, Gerrit; Papakonstantinou, Vagelis;forthcoming (September 2022);European General Data Protection Regulation. A Commentary. Nomos; Hart Publishing; Bloomsbury Publishing; C.H.Beck.;;nein;ISBN: 978-3-8487-3372-9
;Aufsatz;Spiecker gen. Döhmann, Indra; Kaiser, Florian Klaus; Schultmann, Frank et. al.;2021;Datenschutz durch Technikgestaltung und unternehmerische Strategie in der Digitalwirtschaft. INFORMATIK 2021. Gesellschaft für Informatik (S. 999-1018). ;10.18420/informatik2021-083;ja;ISBN: 978-3-88579-708-1
;Sammelwerk;Spiecker gen. Döhmann, Indra; Kettemann, Matthias C.; Peukert, Alexander;forthcoming (Mai 2022);The Law of Global Digitality. Taylor and Francis Routledge.;;nein;ISBN: 978-1-03-207369-9
;Aufsatz ;Spiecker gen. Döhmann, Indra; Steinicke, Henning; Witt, Elke;2021;Schriftenreihe zur wissenschaftsbasierten Politikberatung. Digitalisierung und Demokratie. Deutsche Akademie der Naturforscher Leopoldina e. V. - Nationale Akademie der Wissenschaften; acatech - Deutsche Akademie der Technikwissenschaften e.V; Union der deutschen Akademien der Wissenschaften e. V. ;https://doi.org/10.26164/leopoldina_03_00348;ja;ISBN: 978-3-8047-4222-2
;Monografie;Steffek, Jens;2021;International Organization As Technocratic Utopia. Transformations in Governance. Oxford University Press.;;nein;‎ ISBN: 978-0192845573
;Aufsatz;Steffek, Jens;forthcoming;Les organisations internationales et la construction politique de la société civile : le cas des ‘ONG parrainées’. In O. Nay , D. Lagrange, M. Louis (Hrsg.). Le tournant social des organisations internationales. L'ouverture du système multilatéral aux acteurs non gouvernementaux, Rennes: Presses Universitaires de Rennes.;;nein;
;Artikel;Steffek, Jens; Wegmann, Philip;;2021, 01.10.;The Standardization of “Good Governance” in the Age of Reflexive Modernity. Global Studies Quarterly, 1 (4).;https://doi.org/10.1093/isagsq/ksab029;ja;
;Artikel;Sutterlüty, Ferdinand;2021;Destruktivität und Regression im Rechtspopulismus. Themenschwerpunkt. WestEnd. Neue Zeitschrift für Sozialforschung, 18 (1), S. 69‒151.;;nein (nicht kostenlos);
;Artikel;Sutterlüty, Ferdinand;2021;Destruktivität des Rechtspopulismus. WestEnd. Neue Zeitschrift für Sozialforschung, 18 (1), S. 73‒86.;;;
;Aufsatz;Sutterlüty, Ferdinand;2021;Gewalt in der Familie. In J.Ecarius, A. Schierbaum (Hrsg.), Handbuch Familie. Gesellschaft, Familienbeziehungen und differentielle Felder. Springer VS, Wiesbaden.;https://doi.org/10.1007/978-3-658-19416-1;nein;ISBN: 9783658194161
;Aufsatz;Sutterlüty, Ferdinand;2021;Rekonstruktive Kritik und partizipative Forschung. Eine Vorführung in zwei Aufzügen. In S. Flick, A. Herold (Hrsg.), Zur Kritik der partizipativen Forschung. Forschungspraxis im Spiegel der Kritischen Theorie (S. 90-113). Weinheim und Basel: Beltz Juventa.;;nein;ISBN: 978-3779963004
;Monografie;Sutterlüty, Ferdinand;forthcoming (Juni 2022);Verdeckter Widerstand in demokratischen Gesellschaften. Frankfurt: Campus.;;nein;ISBN: 978-3-593-51535-9
;Aufsatz;Sutterlüty, Ferdinand;2021;In M. Hasenfratz, S. Lenz (Hrsg.), Capitalism unbound: Ökonomie, Ökologie, Kultur. Frankfurt am Main: Campus Verlag.;;nein;ISBN: 978-3-593-51463-5
;Monografie;Sutterlüty, Ferdinand; Poppinga, Almut (Hrsg.);2022, 17.8.;Verdeckter Widerstand in demokratischen Gesellschaften. Frankfurt a. M. und New York: Campus (im Erscheinen).;;nein;ISBN: 978-3-593-51535-9
;Artikel;Traunmüller, Richard; Kijewski, Sara; Freitag, Markus;2019;„The Silent Victims of Wartime Sexual Violence. Evidence from a List Experiment in Sri Lanka“, in: Journal of Conflict Resolution 63/9, 2015-2042.;https://doi.org/10.1177/0022002719828053;ja;
;Aufsatz;Voelz, Johannes;2022 (im Erscheinen);„Populism and the Politics of Distrust.“ The People: Belonging, Exclusion, and Democracy. Hg. Benjamin Kohlmann und Matthew Taunton. Cambridge: Cambridge UP, 2022 (forthcoming);;nein;
;Aufsatz;Voelz, Johannes;2022;“Reading Populism with Bourdieu and Elias.” Reading the Social in American Studies. Hg. Astrid Franke, Stefanie Müller, Katja Sarkowsky. New York: Palgrave, 2022. 233-258.;;nein;ISBN: 978-3-030-93550-4
;Aufsatz;Voelz, Johannes;2019;„Toward an Aesthetics of Populism, Part II: The Aesthetics of Polarization“, in: Yearbook of Research in English and American Literature 35, 261-286.;;ja;https://www.academia.edu/42749450/Toward_an_Aesthetics_of_Populism_Part_II_The_Aesthetics_of_Polarization
;Monografie;von Bogdandy, Armin;2022;Strukturwandel des öffentlichen Rechts. Entstehung und Demokratisierung der europäischen Gesellschaft. Suhrkamp.;;nein;ISBN: 978-3-518-29956-2
;Aufsatz;von Bogdandy, Armin;2021;Gemeinwohl im Völkerrecht. Eine Theorie internationaler öffentlicher Gewalt. In: Rainer Forst, Klaus Günther (Hrsg.), Normative Ordnungen, Suhrkamp. Berlin, 2021, S. 300-328. (zusammen mit Matthias Goldmann und Ingo Venzke);;nein;ISBN: 978-3-518-29942-5
;Aufsatz;von Bogdandy, Armin;2019;„Der europäische Rechtsraum. Ein Begriff zur Neuausrichtung des Europarechts und besseren Verteidigung europäischer Werte“, in: Archiv des öffentlichen Rechts 144/3, 321-35.;https://doi.org/10.1628/aoer-2019-0023;ja;
;Aufsatz;Wagner, Greta;2022;“Helping Refugees in Rural Germany. Ambivalences of Compassion”, in: Didier Fassin und Axel Honneth (Hg.): Crises under Critique, New York: Columbia UP.;;nein;ISBN: 978-0-231-20432
;Aufsatz;Wagner, Greta;2021;Status und Mitleid. Zur Affektökonomie der Einfühlung. In S. Lenz & M. Hasenfratz (Hrsg.), Capitalism unbound. Ökonomie, Ökologie, Kultur (S. 257-364). Frankfurt am Main: Campus.;;nein;ISBN: 978-3-593-51463-5
;Artikel;Wagner, Greta;2019;„Helfen und Reziprozität. Freiwilliges Engagement für Geflüchtete im ländli chen Raum“, in: Zeitschrift für Soziologie 48/3, 226-241.;https://doi.org/10.1515/zfsoz-2019-0017;ja;
;Aufsatz;Wagner, Greta;2019;Helfen zwischen Solidarität und Wohltätigkeit. In: Institut für Sozialforschung (Hrsg.):  WestEnd 1/2019. Frankfurt am Main: Campus.;;nein;ISBN: 978-3-593-44057-6
;Aufsatz;Weipert-Fenner, Irene;2021;„Go local, go global: Studying popular protests in the MENA post-2011“ in: Mediterranean Politics, 2021.26(5), 563-585.;https://doi.org/10.1080/13629395.2021.1889286;ja;
;Artikel;Weipert-Fenner, Irene; Süß, Clara-Auguste;2021; Socio-economic factors of radicalisation in Tunisia and Egypt: What we (don’t) know. ORIENT, S. 14-19.;;nein;https://www.hsfk.de/publikationen/publikationssuche/publikation/socio-economic-factors-of-radicalisation-in-tunisia-and-egypt-what-we-dont-know
;Aufsatz;Weipert-Fenner, Irene; Süß, Clara-Auguste;2021;Socio-economic factors of radicalisation in Tunisia and Egypt: What we (don’t) know. ORIENT, 14-19. ;;nein;
;Artikel;Wille, Tobias;2021;„Politik und ihre Grenzen in Clausewitz’ Denken über den Krieg“, in: Politische Vierteljahresschrift 62/1, 45-67.;;ja;Politik und ihre Grenzen in Clausewitz’ Denken über den Krieg | SpringerLink
;Artikel;Wille, Tobias;2019;„Representation and Agency in Diplomacy: How Kosovo Came to Agree to the Rambouillet Accords“, in: Journal of International Relations and Development 22/4, 808-831.;;ja;https://link.springer.com/article/10.1057/s41268-017-0120-2
;Artikel;Wolff, Jonas;2022;Deutsche Demokratieförderpolitik. Ampelkoalition auf Kurswechsel? PRIF Spotlight 4/2022.;DOI: 10.48809/prifspot2204;ja;hsfk.de/spotlight0422-fn
;Paper;Wolff, Jonas;2022;The local turn and the Global South in critical peacebuilding studies. PRIF Working Papers No. 57.;;ja;https://www.hsfk.de/publikationen/publikationssuche/publikation/the-local-turn-and-the-global-south-in-critical-peacebuilding-studies
;Artikel;Wolff, Jonas;2021, 28.05.;The EU, Venezuela, and democracy promotion: A rejoinder to Elliott Abrams’ comments. PRIF Blog.;;ja;https://blog.prif.org/2021/05/28/the-eu-venezuela-and-democracy-promotion-a-rejoinder-to-elliott-abrams-comments/
;Aufsatz;Wolff, Jonas;2021;Talking about self-determination. Contested conceptions and political implications of an undisputed concept. In P. Ish-Shalom, Concepts at Work. On the Linguistic Infrastructure of World Politics (S. 24-42). Ann Arbor, MI: University of Michigan. ;DOI: 10.3998/mpub.11719182;nein;
;Artikel;Wolff, Jonas; Albarracín, Juan;2022;La lógica política del asesinato de líderes sociales en Colombia. El Espectador. Colombia +20.;;ja;https://www.elespectador.com/colombia-20/analistas/la-logica-politica-del-asesinato-de-lideres-sociales-en-colombia/ 
;Aufsatz;Wolff, Jonas; Albrecht, Stephen; Bethke, Felix S.; Hegemann, Hendrik; Junk, Julian; Kahl, Martin; Janina, Pawelz;2021;Demokratien auf der Kippe: Globale Trends und Bedrohungen (Transnationale Sicherheitsrisiken). In BICC/HSFK/INEF/ISFH (Hrsg.), Friedensgutachten 2021. Europa kann mehr! (S. 137-155). Bielefeld: Transcript. ;https://doi.org/10.14361/9783839457863;ja;
;Aufsatz;Wolff, Jonas; Albrecht, Stephen; Bethke, Felix S.; Hegemann, Hendrik; Junk, Julian; Kahl, Martin; Janina, Pawelz;2021;Transnationale Sicherheitsrisiken: Demokratien auf der Kippe: Globale Trends und Bedrohungen. In Bonn International Center for Conversion (BICC)/Leibniz-Institut Hessische Stiftung Friedens- und Konfliktforschung (HSFK)/Institut für Friedensforschung und Sicherheitspolitik an der Universität Hamburg (IFSH)/Institut für Entwicklung und Frieden (INEF) (Hrsg.), Friedensgutachten 2021 (S. 136-155). Bielefeld: transcript Verlag.;https://doi.org/10.14361/9783839457863;ja;
;Artikel;Wolff, Jonas; Berger-Kern, Nora; Hetz, Fabian; Wagner, Rebecca;2021;Defending Civic Space: Successful Resistance Against NGO Laws in Kenya and Kyrgyzstan. Global Policy, Special Issue, Restricting NGOs: From Pushback to Accommodation, S. 84–94.;https://doi.org/10.1111/1758-5899.12976;ja;
;Artikel;Wolff, Jonas; Wagner, Rebecca;2021, 15.09.;Deutsche Demokratieförderpolitik in einer multipolaren Welt: Parteipolitische Perspektiven vor der Bundestagswahl. PRIF Blog.;;ja;https://blog.prif.org/2021/09/15/deutsche-demokratiefoerderpolitik-in-einer-multipolaren-welt-parteipolitische-perspektiven-vor-der-bundestagswahl/
